cell_name,src_layer,dst_layer,bbox_x1,bbox_y1,bbox_x2,bbox_y2,is_rectangle,polygon_vertices
Unit_A,100.100,10100.100,0.000000,0.000000,2.000000,2.000000,0,0.000000_0.000000_2.000000_0.000000_2.000000_2.000000_1.000000_2.000000_1.000000_1.000000_0.000000_1.000000
