cell_name,layer,bbox_x1,bbox_y1,bbox_x2,bbox_y2,is_rectangle,polygon_vertices
my_cell,100.100,0.000000,0.000000,1.000000,1.000000,1,0.000000_0.000000_1.000000_0.000000_1.000000_1.000000_0.000000_1.000000
my_cell,100.100,1.000000,0.000000,2.000000,2.000000,1,1.000000_0.000000_2.000000_0.000000_2.000000_2.000000_1.000000_2.000000
my_cell,200.200,3.000000,3.000000,4.000000,4.000000,1,3.000000_3.000000_4.000000_3.000000_4.000000_4.000000_3.000000_4.000000
